initial_best_fitness,initial_route_length,initial_duration,tuned_best_fitness,tuned_route_length,tuned_duration
0.004081632653061225,244.99999999999997,0.06505823135375977,0.004081632653061225,244.99999999999997,5.193129062652588
0.0012690355329949238,788.0000000000001,0.11470580101013184,0.0017035775127768314,587.0,9.457873106002808
0.0005621135469364812,1779.0,0.1951601505279541,0.0011750881316098707,851.0,14.51471495628357
6.787944610371979e-05,14732.0,1.2393598556518555,0.0005652911249293386,1769.0000000000002,64.4162769317627
2.8481913984619766e-05,35110.0,3.1711878776550293,0.0003969829297340214,2519.0,136.02901411056519
